Restaurant,Aspect,Evidence_Count,Negative,Neutral,Positive,Aspect_Score,Evidence_Confidence,Evidence_Confidence_Pct,Adjusted_Aspect_Score
Beyond Flavours,Food Quality,98,13,8,77,82.65,0.8305084745762712,83.05,77.12
Beyond Flavours,Service,65,9,0,56,86.15,0.7647058823529411,76.47,77.64
Beyond Flavours,Ambience,55,4,1,50,91.82,0.7333333333333333,73.33,80.67
Beyond Flavours,Value for Money,6,0,1,5,91.67,0.23076923076923078,23.08,59.62
Beyond Flavours,Hygiene,0,0,0,0,50.0,0.0,0.0,50.0
Beyond Flavours,Overall Dining Experience,26,0,1,25,98.08,0.5652173913043478,56.52,77.18
Paradise,Food Quality,104,3,6,95,94.23,0.8387096774193549,83.87,87.1
Paradise,Service,83,2,0,81,97.59,0.8058252427184466,80.58,88.35
Paradise,Ambience,29,0,1,28,98.28,0.5918367346938775,59.18,78.57
Paradise,Value for Money,3,0,1,2,83.33,0.13043478260869565,13.04,54.35
Paradise,Hygiene,3,0,0,3,100.0,0.13043478260869565,13.04,56.52
Paradise,Overall Dining Experience,18,0,0,18,100.0,0.47368421052631576,47.37,73.68
Flechazo,Food Quality,104,6,7,91,90.87,0.8387096774193549,83.87,84.28
Flechazo,Service,73,3,1,69,95.21,0.7849462365591398,78.49,85.49
Flechazo,Ambience,30,1,1,28,95.0,0.6,60.0,77.0
Flechazo,Value for Money,6,0,0,6,100.0,0.23076923076923078,23.08,61.54
Flechazo,Hygiene,1,0,0,1,100.0,0.047619047619047616,4.76,52.38
Flechazo,Overall Dining Experience,24,0,0,24,100.0,0.5454545454545454,54.55,77.27
Shah Ghouse Hotel & Restaurant,Food Quality,80,19,11,50,69.38,0.8,80.0,65.5
Shah Ghouse Hotel & Restaurant,Service,14,3,3,8,67.86,0.4117647058823529,41.18,57.35
Shah Ghouse Hotel & Restaurant,Ambience,9,4,1,4,50.0,0.3103448275862069,31.03,50.0
Shah Ghouse Hotel & Restaurant,Value for Money,7,1,0,6,85.71,0.25925925925925924,25.93,59.26
Shah Ghouse Hotel & Restaurant,Hygiene,5,3,1,1,30.0,0.2,20.0,46.0
Shah Ghouse Hotel & Restaurant,Overall Dining Experience,11,1,0,10,90.91,0.3548387096774194,35.48,64.52
The Fisherman's Wharf,Food Quality,90,5,5,80,91.67,0.8181818181818182,81.82,84.09
The Fisherman's Wharf,Service,47,4,1,42,90.43,0.7014925373134329,70.15,78.36
The Fisherman's Wharf,Ambience,54,1,1,52,97.22,0.7297297297297297,72.97,84.46
The Fisherman's Wharf,Value for Money,13,0,3,10,88.46,0.3939393939393939,39.39,65.15
The Fisherman's Wharf,Hygiene,1,0,0,1,100.0,0.047619047619047616,4.76,52.38
The Fisherman's Wharf,Overall Dining Experience,33,0,0,33,100.0,0.6226415094339622,62.26,81.13
Hyper Local,Food Quality,85,15,7,63,78.24,0.8095238095238095,80.95,72.86
Hyper Local,Service,48,9,2,37,79.17,0.7058823529411765,70.59,70.59
Hyper Local,Ambience,51,3,6,42,88.24,0.7183098591549296,71.83,77.47
Hyper Local,Value for Money,10,2,1,7,75.0,0.3333333333333333,33.33,58.33
Hyper Local,Hygiene,1,1,0,0,0.0,0.047619047619047616,4.76,47.62
Hyper Local,Overall Dining Experience,26,5,1,20,78.85,0.5652173913043478,56.52,66.31
Barbeque Nation,Food Quality,92,9,7,76,86.41,0.8214285714285714,82.14,79.91
Barbeque Nation,Service,69,7,1,61,89.13,0.7752808988764045,77.53,80.34
Barbeque Nation,Ambience,23,1,5,17,84.78,0.5348837209302325,53.49,68.6
Barbeque Nation,Value for Money,3,0,1,2,83.33,0.13043478260869565,13.04,54.35
Barbeque Nation,Hygiene,2,2,0,0,0.0,0.09090909090909091,9.09,45.45
Barbeque Nation,Overall Dining Experience,18,2,0,16,88.89,0.47368421052631576,47.37,68.42
Absolute Sizzlers,Food Quality,72,11,9,52,78.47,0.782608695652174,78.26,72.28
Absolute Sizzlers,Service,47,6,6,35,80.85,0.7014925373134329,70.15,71.64
Absolute Sizzlers,Ambience,26,1,2,23,92.31,0.5652173913043478,56.52,73.91
Absolute Sizzlers,Value for Money,10,3,1,6,65.0,0.3333333333333333,33.33,55.0
Absolute Sizzlers,Hygiene,0,0,0,0,50.0,0.0,0.0,50.0
Absolute Sizzlers,Overall Dining Experience,47,1,1,45,96.81,0.7014925373134329,70.15,82.84
AB's - Absolute Barbecues,Food Quality,88,2,2,84,96.59,0.8148148148148148,81.48,87.96
AB's - Absolute Barbecues,Service,88,1,0,87,98.86,0.8148148148148148,81.48,89.81
AB's - Absolute Barbecues,Ambience,19,0,0,19,100.0,0.48717948717948717,48.72,74.36
AB's - Absolute Barbecues,Value for Money,1,0,0,1,100.0,0.047619047619047616,4.76,52.38
AB's - Absolute Barbecues,Hygiene,0,0,0,0,50.0,0.0,0.0,50.0
AB's - Absolute Barbecues,Overall Dining Experience,21,0,0,21,100.0,0.5121951219512195,51.22,75.61
NorFest - The Dhaba,Food Quality,111,14,14,83,81.08,0.8473282442748091,84.73,76.33
NorFest - The Dhaba,Service,13,1,1,11,88.46,0.3939393939393939,39.39,65.15
NorFest - The Dhaba,Ambience,7,0,2,5,85.71,0.25925925925925924,25.93,59.26
NorFest - The Dhaba,Value for Money,26,3,1,22,86.54,0.5652173913043478,56.52,70.65
NorFest - The Dhaba,Hygiene,2,1,0,1,50.0,0.09090909090909091,9.09,50.0
NorFest - The Dhaba,Overall Dining Experience,32,3,0,29,90.62,0.6153846153846154,61.54,75.0
Hotel Zara Hi-Fi,Food Quality,54,37,8,9,24.07,0.7297297297297297,72.97,31.08
Hotel Zara Hi-Fi,Service,4,1,0,3,75.0,0.16666666666666666,16.67,54.17
Hotel Zara Hi-Fi,Ambience,0,0,0,0,50.0,0.0,0.0,50.0
Hotel Zara Hi-Fi,Value for Money,13,8,3,2,26.92,0.3939393939393939,39.39,40.91
Hotel Zara Hi-Fi,Hygiene,3,2,0,1,33.33,0.13043478260869565,13.04,47.83
Hotel Zara Hi-Fi,Overall Dining Experience,0,0,0,0,50.0,0.0,0.0,50.0
Pakwaan Grand,Food Quality,62,31,11,20,41.13,0.7560975609756098,75.61,43.29
Pakwaan Grand,Service,12,4,2,6,58.33,0.375,37.5,53.12
Pakwaan Grand,Ambience,3,2,1,0,16.67,0.13043478260869565,13.04,45.65
Pakwaan Grand,Value for Money,7,0,2,5,85.71,0.25925925925925924,25.93,59.26
Pakwaan Grand,Hygiene,1,1,0,0,0.0,0.047619047619047616,4.76,47.62
Pakwaan Grand,Overall Dining Experience,5,0,0,5,100.0,0.2,20.0,60.0
13 Dhaba,Food Quality,54,9,3,42,80.56,0.7297297297297297,72.97,72.3
13 Dhaba,Service,10,3,1,6,65.0,0.3333333333333333,33.33,55.0
13 Dhaba,Ambience,4,0,2,2,75.0,0.16666666666666666,16.67,54.17
13 Dhaba,Value for Money,8,0,0,8,100.0,0.2857142857142857,28.57,64.29
13 Dhaba,Hygiene,2,1,0,1,50.0,0.09090909090909091,9.09,50.0
13 Dhaba,Overall Dining Experience,12,0,0,12,100.0,0.375,37.5,68.75
Jonathan's Kitchen - Holiday Inn Express & Suites,Food Quality,133,24,16,93,75.94,0.869281045751634,86.93,72.55
Jonathan's Kitchen - Holiday Inn Express & Suites,Service,48,13,2,33,70.83,0.7058823529411765,70.59,64.7
Jonathan's Kitchen - Holiday Inn Express & Suites,Ambience,30,1,3,26,91.67,0.6,60.0,75.0
Jonathan's Kitchen - Holiday Inn Express & Suites,Value for Money,8,2,2,4,62.5,0.2857142857142857,28.57,53.57
Jonathan's Kitchen - Holiday Inn Express & Suites,Hygiene,0,0,0,0,50.0,0.0,0.0,50.0
Jonathan's Kitchen - Holiday Inn Express & Suites,Overall Dining Experience,23,2,0,21,91.3,0.5348837209302325,53.49,72.09
B-Dubs,Food Quality,56,1,0,55,98.21,0.7368421052631579,73.68,85.52
B-Dubs,Service,64,0,0,64,100.0,0.7619047619047619,76.19,88.1
B-Dubs,Ambience,24,0,0,24,100.0,0.5454545454545454,54.55,77.27
B-Dubs,Value for Money,3,0,0,3,100.0,0.13043478260869565,13.04,56.52
B-Dubs,Hygiene,0,0,0,0,50.0,0.0,0.0,50.0
B-Dubs,Overall Dining Experience,16,0,0,16,100.0,0.4444444444444444,44.44,72.22
"3B's - Buddies, Bar & Barbecue",Food Quality,84,4,4,76,92.86,0.8076923076923077,80.77,84.62
"3B's - Buddies, Bar & Barbecue",Service,66,2,2,62,95.45,0.7674418604651163,76.74,84.88
"3B's - Buddies, Bar & Barbecue",Ambience,15,0,0,15,100.0,0.42857142857142855,42.86,71.43
"3B's - Buddies, Bar & Barbecue",Value for Money,7,0,0,7,100.0,0.25925925925925924,25.93,62.96
"3B's - Buddies, Bar & Barbecue",Hygiene,0,0,0,0,50.0,0.0,0.0,50.0
"3B's - Buddies, Bar & Barbecue",Overall Dining Experience,15,0,0,15,100.0,0.42857142857142855,42.86,71.43
Pot Pourri,Food Quality,93,19,19,55,69.35,0.8230088495575221,82.3,65.93
Pot Pourri,Service,52,17,5,30,62.5,0.7222222222222222,72.22,59.03
Pot Pourri,Ambience,38,3,2,33,89.47,0.6551724137931034,65.52,75.86
Pot Pourri,Value for Money,17,3,3,11,73.53,0.4594594594594595,45.95,60.81
Pot Pourri,Hygiene,2,0,0,2,100.0,0.09090909090909091,9.09,54.55
Pot Pourri,Overall Dining Experience,14,1,0,13,92.86,0.4117647058823529,41.18,67.65
Pista House,Food Quality,88,19,12,57,71.59,0.8148148148148148,81.48,67.59
Pista House,Service,30,14,2,14,50.0,0.6,60.0,50.0
Pista House,Ambience,9,0,3,6,83.33,0.3103448275862069,31.03,60.34
Pista House,Value for Money,16,2,2,12,81.25,0.4444444444444444,44.44,63.89
Pista House,Hygiene,3,1,0,2,66.67,0.13043478260869565,13.04,52.17
Pista House,Overall Dining Experience,12,2,0,10,83.33,0.375,37.5,62.5
Marsala Food Company,Food Quality,133,29,17,87,71.8,0.869281045751634,86.93,68.95
Marsala Food Company,Service,40,6,3,31,81.25,0.6666666666666666,66.67,70.83
Marsala Food Company,Ambience,42,5,6,31,80.95,0.6774193548387096,67.74,70.97
Marsala Food Company,Value for Money,21,4,0,17,80.95,0.5121951219512195,51.22,65.85
Marsala Food Company,Hygiene,2,1,0,1,50.0,0.09090909090909091,9.09,50.0
Marsala Food Company,Overall Dining Experience,26,0,1,25,98.08,0.5652173913043478,56.52,77.18
Mazzo - Marriott Executive Apartments,Food Quality,88,9,12,67,82.95,0.8148148148148148,81.48,76.85
Mazzo - Marriott Executive Apartments,Service,49,8,4,37,79.59,0.7101449275362319,71.01,71.01
Mazzo - Marriott Executive Apartments,Ambience,46,2,2,42,93.48,0.696969696969697,69.7,80.3
Mazzo - Marriott Executive Apartments,Value for Money,5,0,0,5,100.0,0.2,20.0,60.0
Mazzo - Marriott Executive Apartments,Hygiene,1,1,0,0,0.0,0.047619047619047616,4.76,47.62
Mazzo - Marriott Executive Apartments,Overall Dining Experience,16,1,0,15,93.75,0.4444444444444444,44.44,69.44
Green Bawarchi Restaurant,Food Quality,32,13,6,13,50.0,0.6153846153846154,61.54,50.0
Green Bawarchi Restaurant,Service,5,4,0,1,20.0,0.2,20.0,44.0
Green Bawarchi Restaurant,Ambience,1,1,0,0,0.0,0.047619047619047616,4.76,47.62
Green Bawarchi Restaurant,Value for Money,7,2,3,2,50.0,0.25925925925925924,25.93,50.0
Green Bawarchi Restaurant,Hygiene,1,1,0,0,0.0,0.047619047619047616,4.76,47.62
Green Bawarchi Restaurant,Overall Dining Experience,1,1,0,0,0.0,0.047619047619047616,4.76,47.62
Banana Leaf Multicuisine Restaurant,Food Quality,76,13,9,54,76.97,0.7916666666666666,79.17,71.35
Banana Leaf Multicuisine Restaurant,Service,20,2,0,18,90.0,0.5,50.0,70.0
Banana Leaf Multicuisine Restaurant,Ambience,17,0,4,13,88.24,0.4594594594594595,45.95,67.57
Banana Leaf Multicuisine Restaurant,Value for Money,26,5,2,19,76.92,0.5652173913043478,56.52,65.22
Banana Leaf Multicuisine Restaurant,Hygiene,0,0,0,0,50.0,0.0,0.0,50.0
Banana Leaf Multicuisine Restaurant,Overall Dining Experience,9,1,0,8,88.89,0.3103448275862069,31.03,62.07
Kritunga Restaurant,Food Quality,38,18,6,14,44.74,0.6551724137931034,65.52,46.55
Kritunga Restaurant,Service,11,4,1,6,59.09,0.3548387096774194,35.48,53.23
Kritunga Restaurant,Ambience,5,1,1,3,70.0,0.2,20.0,54.0
Kritunga Restaurant,Value for Money,4,0,1,3,87.5,0.16666666666666666,16.67,56.25
Kritunga Restaurant,Hygiene,2,2,0,0,0.0,0.09090909090909091,9.09,45.45
Kritunga Restaurant,Overall Dining Experience,4,0,0,4,100.0,0.16666666666666666,16.67,58.33
The Glass Onion,Food Quality,91,6,17,68,84.07,0.8198198198198198,81.98,77.93
The Glass Onion,Service,52,6,8,38,80.77,0.7222222222222222,72.22,72.22
The Glass Onion,Ambience,59,2,5,52,92.37,0.7468354430379747,74.68,81.64
The Glass Onion,Value for Money,16,3,4,9,68.75,0.4444444444444444,44.44,58.33
The Glass Onion,Hygiene,0,0,0,0,50.0,0.0,0.0,50.0
The Glass Onion,Overall Dining Experience,25,3,0,22,88.0,0.5555555555555556,55.56,71.11
Deli 9 Bistro,Food Quality,83,6,12,65,85.54,0.8058252427184466,80.58,78.64
Deli 9 Bistro,Service,31,2,3,26,88.71,0.6078431372549019,60.78,73.53
Deli 9 Bistro,Ambience,33,0,3,30,95.45,0.6226415094339622,62.26,78.3
Deli 9 Bistro,Value for Money,9,0,4,5,77.78,0.3103448275862069,31.03,58.62
Deli 9 Bistro,Hygiene,1,1,0,0,0.0,0.047619047619047616,4.76,47.62
Deli 9 Bistro,Overall Dining Experience,28,2,3,23,87.5,0.5833333333333334,58.33,71.88
Frio Bistro,Food Quality,106,15,11,80,80.66,0.8412698412698413,84.13,75.79
Frio Bistro,Service,37,2,6,29,86.49,0.6491228070175439,64.91,73.69
Frio Bistro,Ambience,23,1,6,16,82.61,0.5348837209302325,53.49,67.44
Frio Bistro,Value for Money,10,3,1,6,65.0,0.3333333333333333,33.33,55.0
Frio Bistro,Hygiene,0,0,0,0,50.0,0.0,0.0,50.0
Frio Bistro,Overall Dining Experience,20,1,1,18,92.5,0.5,50.0,71.25
The Foodie Monster Kitchen,Food Quality,48,9,7,32,73.96,0.7058823529411765,70.59,66.91
The Foodie Monster Kitchen,Service,8,1,1,6,81.25,0.2857142857142857,28.57,58.93
The Foodie Monster Kitchen,Ambience,8,1,0,7,87.5,0.2857142857142857,28.57,60.71
The Foodie Monster Kitchen,Value for Money,12,1,3,8,79.17,0.375,37.5,60.94
The Foodie Monster Kitchen,Hygiene,1,1,0,0,0.0,0.047619047619047616,4.76,47.62
The Foodie Monster Kitchen,Overall Dining Experience,3,0,0,3,100.0,0.13043478260869565,13.04,56.52
Owm Nom Nom,Food Quality,36,17,4,15,47.22,0.6428571428571429,64.29,48.21
Owm Nom Nom,Service,15,8,1,6,43.33,0.42857142857142855,42.86,47.14
Owm Nom Nom,Ambience,1,0,1,0,50.0,0.047619047619047616,4.76,50.0
Owm Nom Nom,Value for Money,6,2,2,2,50.0,0.23076923076923078,23.08,50.0
Owm Nom Nom,Hygiene,0,0,0,0,50.0,0.0,0.0,50.0
Owm Nom Nom,Overall Dining Experience,1,0,0,1,100.0,0.047619047619047616,4.76,52.38
Ulavacharu,Food Quality,92,20,19,53,67.93,0.8214285714285714,82.14,64.73
Ulavacharu,Service,39,14,9,16,52.56,0.6610169491525424,66.1,51.69
Ulavacharu,Ambience,31,4,7,20,75.81,0.6078431372549019,60.78,65.69
Ulavacharu,Value for Money,23,10,5,8,45.65,0.5348837209302325,53.49,47.67
Ulavacharu,Hygiene,0,0,0,0,50.0,0.0,0.0,50.0
Ulavacharu,Overall Dining Experience,18,2,0,16,88.89,0.47368421052631576,47.37,68.42
Shanghai Chef 2,Food Quality,84,19,11,54,70.83,0.8076923076923077,80.77,66.82
Shanghai Chef 2,Service,32,6,2,24,78.12,0.6153846153846154,61.54,67.3
Shanghai Chef 2,Ambience,20,0,5,15,87.5,0.5,50.0,68.75
Shanghai Chef 2,Value for Money,17,2,3,12,79.41,0.4594594594594595,45.95,63.51
Shanghai Chef 2,Hygiene,4,3,0,1,25.0,0.16666666666666666,16.67,45.83
Shanghai Chef 2,Overall Dining Experience,20,3,0,17,85.0,0.5,50.0,67.5
Udipi's Upahar,Food Quality,35,3,4,28,85.71,0.6363636363636364,63.64,72.72
Udipi's Upahar,Service,6,2,0,4,66.67,0.23076923076923078,23.08,53.85
Udipi's Upahar,Ambience,3,0,2,1,66.67,0.13043478260869565,13.04,52.17
Udipi's Upahar,Value for Money,6,0,1,5,91.67,0.23076923076923078,23.08,59.62
Udipi's Upahar,Hygiene,1,0,0,1,100.0,0.047619047619047616,4.76,52.38
Udipi's Upahar,Overall Dining Experience,4,0,0,4,100.0,0.16666666666666666,16.67,58.33
Mathura Vilas,Food Quality,82,26,9,47,62.8,0.803921568627451,80.39,60.29
Mathura Vilas,Service,52,25,2,25,50.0,0.7222222222222222,72.22,50.0
Mathura Vilas,Ambience,22,2,5,15,79.55,0.5238095238095238,52.38,65.48
Mathura Vilas,Value for Money,18,6,4,8,55.56,0.47368421052631576,47.37,52.63
Mathura Vilas,Hygiene,4,1,0,3,75.0,0.16666666666666666,16.67,54.17
Mathura Vilas,Overall Dining Experience,10,3,1,6,65.0,0.3333333333333333,33.33,55.0
Gal Punjab Di,Food Quality,95,13,15,67,78.42,0.8260869565217391,82.61,73.48
Gal Punjab Di,Service,25,4,1,20,82.0,0.5555555555555556,55.56,67.78
Gal Punjab Di,Ambience,28,0,2,26,96.43,0.5833333333333334,58.33,77.08
Gal Punjab Di,Value for Money,11,1,2,8,81.82,0.3548387096774194,35.48,61.29
Gal Punjab Di,Hygiene,1,0,1,0,50.0,0.047619047619047616,4.76,50.0
Gal Punjab Di,Overall Dining Experience,24,0,0,24,100.0,0.5454545454545454,54.55,77.27
Hitech Bawarchi Food Zone,Food Quality,31,20,4,7,29.03,0.6078431372549019,60.78,37.25
Hitech Bawarchi Food Zone,Service,3,1,0,2,66.67,0.13043478260869565,13.04,52.17
Hitech Bawarchi Food Zone,Ambience,0,0,0,0,50.0,0.0,0.0,50.0
Hitech Bawarchi Food Zone,Value for Money,7,5,1,1,21.43,0.25925925925925924,25.93,42.59
Hitech Bawarchi Food Zone,Hygiene,1,1,0,0,0.0,0.047619047619047616,4.76,47.62
Hitech Bawarchi Food Zone,Overall Dining Experience,0,0,0,0,50.0,0.0,0.0,50.0
Diners Pavilion,Food Quality,99,18,16,65,73.74,0.8319327731092437,83.19,69.75
Diners Pavilion,Service,52,17,7,28,60.58,0.7222222222222222,72.22,57.64
Diners Pavilion,Ambience,37,0,9,28,87.84,0.6491228070175439,64.91,74.56
Diners Pavilion,Value for Money,10,1,3,6,75.0,0.3333333333333333,33.33,58.33
Diners Pavilion,Hygiene,0,0,0,0,50.0,0.0,0.0,50.0
Diners Pavilion,Overall Dining Experience,18,3,3,12,75.0,0.47368421052631576,47.37,61.84
Feast - Sheraton Hyderabad Hotel,Food Quality,98,12,11,75,82.14,0.8305084745762712,83.05,76.69
Feast - Sheraton Hyderabad Hotel,Service,67,8,1,58,87.31,0.7701149425287356,77.01,78.73
Feast - Sheraton Hyderabad Hotel,Ambience,24,0,1,23,97.92,0.5454545454545454,54.55,76.14
Feast - Sheraton Hyderabad Hotel,Value for Money,10,2,2,6,70.0,0.3333333333333333,33.33,56.67
Feast - Sheraton Hyderabad Hotel,Hygiene,2,1,0,1,50.0,0.09090909090909091,9.09,50.0
Feast - Sheraton Hyderabad Hotel,Overall Dining Experience,19,3,1,15,81.58,0.48717948717948717,48.72,65.39
Shree Santosh Dhaba Family Restaurant,Food Quality,31,22,2,7,25.81,0.6078431372549019,60.78,35.3
Shree Santosh Dhaba Family Restaurant,Service,2,1,0,1,50.0,0.09090909090909091,9.09,50.0
Shree Santosh Dhaba Family Restaurant,Ambience,1,0,1,0,50.0,0.047619047619047616,4.76,50.0
Shree Santosh Dhaba Family Restaurant,Value for Money,1,0,1,0,50.0,0.047619047619047616,4.76,50.0
Shree Santosh Dhaba Family Restaurant,Hygiene,0,0,0,0,50.0,0.0,0.0,50.0
Shree Santosh Dhaba Family Restaurant,Overall Dining Experience,1,0,0,1,100.0,0.047619047619047616,4.76,52.38
Dine O China,Food Quality,79,15,10,54,74.68,0.797979797979798,79.8,69.69
Dine O China,Service,24,2,1,21,89.58,0.5454545454545454,54.55,71.59
Dine O China,Ambience,18,1,1,16,91.67,0.47368421052631576,47.37,69.74
Dine O China,Value for Money,13,3,4,6,61.54,0.3939393939393939,39.39,54.55
Dine O China,Hygiene,0,0,0,0,50.0,0.0,0.0,50.0
Dine O China,Overall Dining Experience,15,0,0,15,100.0,0.42857142857142855,42.86,71.43
Hyderabad Chefs,Food Quality,25,4,4,17,76.0,0.5555555555555556,55.56,64.44
Hyderabad Chefs,Service,5,1,0,4,80.0,0.2,20.0,56.0
Hyderabad Chefs,Ambience,3,2,0,1,33.33,0.13043478260869565,13.04,47.83
Hyderabad Chefs,Value for Money,7,2,1,4,64.29,0.25925925925925924,25.93,53.7
Hyderabad Chefs,Hygiene,2,2,0,0,0.0,0.09090909090909091,9.09,45.45
Hyderabad Chefs,Overall Dining Experience,1,0,0,1,100.0,0.047619047619047616,4.76,52.38
Komatose - Holiday Inn Express & Suites,Food Quality,50,5,5,40,85.0,0.7142857142857143,71.43,75.0
Komatose - Holiday Inn Express & Suites,Service,31,6,1,24,79.03,0.6078431372549019,60.78,67.65
Komatose - Holiday Inn Express & Suites,Ambience,44,3,4,37,88.64,0.6875,68.75,76.56
Komatose - Holiday Inn Express & Suites,Value for Money,8,1,2,5,75.0,0.2857142857142857,28.57,57.14
Komatose - Holiday Inn Express & Suites,Hygiene,0,0,0,0,50.0,0.0,0.0,50.0
Komatose - Holiday Inn Express & Suites,Overall Dining Experience,12,0,1,11,95.83,0.375,37.5,67.19
Aromas@11SIX,Food Quality,76,19,16,41,64.47,0.7916666666666666,79.17,61.46
Aromas@11SIX,Service,21,4,6,11,66.67,0.5121951219512195,51.22,58.54
Aromas@11SIX,Ambience,14,2,6,6,64.29,0.4117647058823529,41.18,55.88
Aromas@11SIX,Value for Money,13,1,2,10,84.62,0.3939393939393939,39.39,63.64
Aromas@11SIX,Hygiene,2,1,0,1,50.0,0.09090909090909091,9.09,50.0
Aromas@11SIX,Overall Dining Experience,11,0,1,10,95.45,0.3548387096774194,35.48,66.13
The Indi Grill,Food Quality,106,4,7,95,92.92,0.8412698412698413,84.13,86.11
The Indi Grill,Service,77,0,2,75,98.7,0.7938144329896907,79.38,88.66
The Indi Grill,Ambience,34,0,1,33,98.53,0.6296296296296297,62.96,80.56
The Indi Grill,Value for Money,8,1,1,6,81.25,0.2857142857142857,28.57,58.93
The Indi Grill,Hygiene,1,0,0,1,100.0,0.047619047619047616,4.76,52.38
The Indi Grill,Overall Dining Experience,19,0,0,19,100.0,0.48717948717948717,48.72,74.36
Urban Asia - Kitchen & Bar,Food Quality,127,20,15,92,78.35,0.8639455782312925,86.39,74.49
Urban Asia - Kitchen & Bar,Service,51,10,10,31,70.59,0.7183098591549296,71.83,64.79
Urban Asia - Kitchen & Bar,Ambience,23,0,5,18,89.13,0.5348837209302325,53.49,70.93
Urban Asia - Kitchen & Bar,Value for Money,13,2,3,8,73.08,0.3939393939393939,39.39,59.09
Urban Asia - Kitchen & Bar,Hygiene,1,1,0,0,0.0,0.047619047619047616,4.76,47.62
Urban Asia - Kitchen & Bar,Overall Dining Experience,18,2,0,16,88.89,0.47368421052631576,47.37,68.42
Eat India Company,Food Quality,99,26,19,54,64.14,0.8319327731092437,83.19,61.76
Eat India Company,Service,60,21,4,35,61.67,0.75,75.0,58.75
Eat India Company,Ambience,34,0,4,30,94.12,0.6296296296296297,62.96,77.78
Eat India Company,Value for Money,13,1,1,11,88.46,0.3939393939393939,39.39,65.15
Eat India Company,Hygiene,1,1,0,0,0.0,0.047619047619047616,4.76,47.62
Eat India Company,Overall Dining Experience,22,3,1,18,84.09,0.5238095238095238,52.38,67.86
Royal Spicy Restaurant,Food Quality,41,11,4,26,68.29,0.6721311475409836,67.21,62.29
Royal Spicy Restaurant,Service,6,1,0,5,83.33,0.23076923076923078,23.08,57.69
Royal Spicy Restaurant,Ambience,2,0,1,1,75.0,0.09090909090909091,9.09,52.27
Royal Spicy Restaurant,Value for Money,8,3,2,3,50.0,0.2857142857142857,28.57,50.0
Royal Spicy Restaurant,Hygiene,0,0,0,0,50.0,0.0,0.0,50.0
Royal Spicy Restaurant,Overall Dining Experience,4,0,0,4,100.0,0.16666666666666666,16.67,58.33
Khaan Saab,Food Quality,104,14,13,77,80.29,0.8387096774193549,83.87,75.4
Khaan Saab,Service,62,10,1,51,83.06,0.7560975609756098,75.61,75.0
Khaan Saab,Ambience,44,3,3,38,89.77,0.6875,68.75,77.34
Khaan Saab,Value for Money,8,1,3,4,68.75,0.2857142857142857,28.57,55.36
Khaan Saab,Hygiene,2,2,0,0,0.0,0.09090909090909091,9.09,45.45
Khaan Saab,Overall Dining Experience,22,1,0,21,95.45,0.5238095238095238,52.38,73.81
Olive Garden,Food Quality,76,11,12,53,77.63,0.7916666666666666,79.17,71.87
Olive Garden,Service,24,3,3,18,81.25,0.5454545454545454,54.55,67.05
Olive Garden,Ambience,14,0,2,12,92.86,0.4117647058823529,41.18,67.65
Olive Garden,Value for Money,17,1,2,14,88.24,0.4594594594594595,45.95,67.57
Olive Garden,Hygiene,2,2,0,0,0.0,0.09090909090909091,9.09,45.45
Olive Garden,Overall Dining Experience,10,0,0,10,100.0,0.3333333333333333,33.33,66.67
Tandoori Food Works,Food Quality,62,17,10,35,64.52,0.7560975609756098,75.61,60.98
Tandoori Food Works,Service,6,2,0,4,66.67,0.23076923076923078,23.08,53.85
Tandoori Food Works,Ambience,0,0,0,0,50.0,0.0,0.0,50.0
Tandoori Food Works,Value for Money,13,4,4,5,53.85,0.3939393939393939,39.39,51.52
Tandoori Food Works,Hygiene,1,0,0,1,100.0,0.047619047619047616,4.76,52.38
Tandoori Food Works,Overall Dining Experience,7,1,0,6,85.71,0.25925925925925924,25.93,59.26
Delhi-39,Food Quality,44,15,9,20,55.68,0.6875,68.75,53.9
Delhi-39,Service,7,5,1,1,21.43,0.25925925925925924,25.93,42.59
Delhi-39,Ambience,2,1,0,1,50.0,0.09090909090909091,9.09,50.0
Delhi-39,Value for Money,7,4,1,2,35.71,0.25925925925925924,25.93,46.3
Delhi-39,Hygiene,0,0,0,0,50.0,0.0,0.0,50.0
Delhi-39,Overall Dining Experience,1,0,0,1,100.0,0.047619047619047616,4.76,52.38
Al Saba Restaurant,Food Quality,51,10,15,26,65.69,0.7183098591549296,71.83,61.27
Al Saba Restaurant,Service,16,4,3,9,65.62,0.4444444444444444,44.44,56.94
Al Saba Restaurant,Ambience,9,3,5,1,38.89,0.3103448275862069,31.03,46.55
Al Saba Restaurant,Value for Money,9,0,4,5,77.78,0.3103448275862069,31.03,58.62
Al Saba Restaurant,Hygiene,3,3,0,0,0.0,0.13043478260869565,13.04,43.48
Al Saba Restaurant,Overall Dining Experience,5,1,0,4,80.0,0.2,20.0,56.0
GD's,Food Quality,38,4,8,26,78.95,0.6551724137931034,65.52,68.97
GD's,Service,3,0,1,2,83.33,0.13043478260869565,13.04,54.35
GD's,Ambience,0,0,0,0,50.0,0.0,0.0,50.0
GD's,Value for Money,8,0,1,7,93.75,0.2857142857142857,28.57,62.5
GD's,Hygiene,0,0,0,0,50.0,0.0,0.0,50.0
GD's,Overall Dining Experience,10,0,0,10,100.0,0.3333333333333333,33.33,66.67
T Grill,Food Quality,91,26,17,48,62.09,0.8198198198198198,81.98,59.91
T Grill,Service,28,8,6,14,60.71,0.5833333333333334,58.33,56.25
T Grill,Ambience,41,5,6,30,80.49,0.6721311475409836,67.21,70.49
T Grill,Value for Money,17,6,1,10,61.76,0.4594594594594595,45.95,55.4
T Grill,Hygiene,4,1,2,1,50.0,0.16666666666666666,16.67,50.0
T Grill,Overall Dining Experience,8,1,0,7,87.5,0.2857142857142857,28.57,60.71
American Wild Wings,Food Quality,99,13,12,74,80.81,0.8319327731092437,83.19,75.63
American Wild Wings,Service,15,0,1,14,96.67,0.42857142857142855,42.86,70.0
American Wild Wings,Ambience,15,0,0,15,100.0,0.42857142857142855,42.86,71.43
American Wild Wings,Value for Money,19,0,2,17,94.74,0.48717948717948717,48.72,71.8
American Wild Wings,Hygiene,2,0,0,2,100.0,0.09090909090909091,9.09,54.55
American Wild Wings,Overall Dining Experience,9,0,0,9,100.0,0.3103448275862069,31.03,65.52
Arena Eleven,Food Quality,97,11,12,74,82.47,0.8290598290598291,82.91,76.92
Arena Eleven,Service,50,11,5,34,73.0,0.7142857142857143,71.43,66.43
Arena Eleven,Ambience,46,1,7,38,90.22,0.696969696969697,69.7,78.03
Arena Eleven,Value for Money,9,2,1,6,72.22,0.3103448275862069,31.03,56.9
Arena Eleven,Hygiene,0,0,0,0,50.0,0.0,0.0,50.0
Arena Eleven,Overall Dining Experience,20,2,0,18,90.0,0.5,50.0,70.0
Cascade - Radisson Hyderabad Hitec City,Food Quality,122,16,14,92,81.15,0.8591549295774648,85.92,76.76
Cascade - Radisson Hyderabad Hitec City,Service,64,3,1,60,94.53,0.7619047619047619,76.19,83.93
Cascade - Radisson Hyderabad Hitec City,Ambience,30,1,2,27,93.33,0.6,60.0,76.0
Cascade - Radisson Hyderabad Hitec City,Value for Money,7,2,1,4,64.29,0.25925925925925924,25.93,53.7
Cascade - Radisson Hyderabad Hitec City,Hygiene,2,1,0,1,50.0,0.09090909090909091,9.09,50.0
Cascade - Radisson Hyderabad Hitec City,Overall Dining Experience,30,2,2,26,90.0,0.6,60.0,74.0
Collage - Hyatt Hyderabad Gachibowli,Food Quality,84,22,19,43,62.5,0.8076923076923077,80.77,60.1
Collage - Hyatt Hyderabad Gachibowli,Service,56,15,4,37,69.64,0.7368421052631579,73.68,64.47
Collage - Hyatt Hyderabad Gachibowli,Ambience,26,1,6,19,84.62,0.5652173913043478,56.52,69.57
Collage - Hyatt Hyderabad Gachibowli,Value for Money,6,2,1,3,58.33,0.23076923076923078,23.08,51.92
Collage - Hyatt Hyderabad Gachibowli,Hygiene,0,0,0,0,50.0,0.0,0.0,50.0
Collage - Hyatt Hyderabad Gachibowli,Overall Dining Experience,15,2,1,12,83.33,0.42857142857142855,42.86,64.28
Zing's Northeast Kitchen,Food Quality,111,16,21,74,76.13,0.8473282442748091,84.73,72.14
Zing's Northeast Kitchen,Service,40,14,7,19,56.25,0.6666666666666666,66.67,54.17
Zing's Northeast Kitchen,Ambience,5,0,1,4,90.0,0.2,20.0,58.0
Zing's Northeast Kitchen,Value for Money,17,5,2,10,64.71,0.4594594594594595,45.95,56.76
Zing's Northeast Kitchen,Hygiene,4,2,0,2,50.0,0.16666666666666666,16.67,50.0
Zing's Northeast Kitchen,Overall Dining Experience,22,1,1,20,93.18,0.5238095238095238,52.38,72.62
Desi Bytes,Food Quality,38,10,5,23,67.11,0.6551724137931034,65.52,61.21
Desi Bytes,Service,8,3,1,4,56.25,0.2857142857142857,28.57,51.79
Desi Bytes,Ambience,5,0,0,5,100.0,0.2,20.0,60.0
Desi Bytes,Value for Money,10,3,3,4,55.0,0.3333333333333333,33.33,51.67
Desi Bytes,Hygiene,0,0,0,0,50.0,0.0,0.0,50.0
Desi Bytes,Overall Dining Experience,6,1,0,5,83.33,0.23076923076923078,23.08,57.69
Hyderabadi Daawat,Food Quality,129,22,18,89,75.97,0.8657718120805369,86.58,72.48
Hyderabadi Daawat,Service,33,4,2,27,84.85,0.6226415094339622,62.26,71.7
Hyderabadi Daawat,Ambience,20,0,3,17,92.5,0.5,50.0,71.25
Hyderabadi Daawat,Value for Money,14,2,4,8,71.43,0.4117647058823529,41.18,58.82
Hyderabadi Daawat,Hygiene,3,0,0,3,100.0,0.13043478260869565,13.04,56.52
Hyderabadi Daawat,Overall Dining Experience,31,0,0,31,100.0,0.6078431372549019,60.78,80.39
Zega - Sheraton Hyderabad Hotel,Food Quality,90,4,6,80,92.22,0.8181818181818182,81.82,84.54
Zega - Sheraton Hyderabad Hotel,Service,55,5,0,50,90.91,0.7333333333333333,73.33,80.0
Zega - Sheraton Hyderabad Hotel,Ambience,38,0,0,38,100.0,0.6551724137931034,65.52,82.76
Zega - Sheraton Hyderabad Hotel,Value for Money,8,3,0,5,62.5,0.2857142857142857,28.57,53.57
Zega - Sheraton Hyderabad Hotel,Hygiene,1,0,0,1,100.0,0.047619047619047616,4.76,52.38
Zega - Sheraton Hyderabad Hotel,Overall Dining Experience,23,1,0,22,95.65,0.5348837209302325,53.49,74.42
Triptify,Food Quality,39,8,4,27,74.36,0.6610169491525424,66.1,66.1
Triptify,Service,1,0,0,1,100.0,0.047619047619047616,4.76,52.38
Triptify,Ambience,1,0,0,1,100.0,0.047619047619047616,4.76,52.38
Triptify,Value for Money,4,0,1,3,87.5,0.16666666666666666,16.67,56.25
Triptify,Hygiene,0,0,0,0,50.0,0.0,0.0,50.0
Triptify,Overall Dining Experience,4,1,0,3,75.0,0.16666666666666666,16.67,54.17
Chinese Pavilion,Food Quality,112,17,16,79,77.68,0.8484848484848485,84.85,73.49
Chinese Pavilion,Service,42,1,1,40,96.43,0.6774193548387096,67.74,81.45
Chinese Pavilion,Ambience,29,1,5,23,87.93,0.5918367346938775,59.18,72.45
Chinese Pavilion,Value for Money,12,0,4,8,83.33,0.375,37.5,62.5
Chinese Pavilion,Hygiene,1,1,0,0,0.0,0.047619047619047616,4.76,47.62
Chinese Pavilion,Overall Dining Experience,18,0,0,18,100.0,0.47368421052631576,47.37,73.68
